file_id,fault,fault_size_in,load_hp,nominal_rpm,label,file_len,train_seg_start,train_seg_end,train_n_windows,train_last_window_end,val_seg_start,val_seg_end,val_n_windows,val_last_window_end,test_seg_start,test_seg_end,test_n_windows,test_last_window_end,guard1,guard2,guard1_len,guard2_len,train_pool_index,val_pool_index,test_pool_index
97,normal,0.0,0,1797,0,243938,0,170756,165,169984,172804,209394,34,208644,211442,243938,30,243186,"[170756,172804)","[209394,211442)",2048,2048,"[0,165)","[0,34)","[0,30)"
98,normal,0.0,1,1772,0,483903,0,338732,329,337920,340780,413365,69,412460,415413,483903,65,482997,"[338732,340780)","[413365,415413)",2048,2048,"[165,494)","[34,103)","[30,95)"
99,normal,0.0,2,1750,0,485063,0,339544,330,338944,341592,414351,70,414296,416399,485063,66,485007,"[339544,341592)","[414351,416399)",2048,2048,"[494,824)","[103,173)","[95,161)"
100,normal,0.0,3,1730,0,485643,0,339950,330,338944,341998,414844,70,414702,416892,485643,66,485500,"[339950,341998)","[414844,416892)",2048,2048,"[824,1154)","[173,243)","[161,227)"
105,inner,0.007,0,1797,1,121265,0,84885,81,83968,86933,105122,16,104341,107170,121265,12,120482,"[84885,86933)","[105122,107170)",2048,2048,"[1154,1235)","[243,259)","[227,239)"
106,inner,0.007,1,1772,1,121991,0,85393,82,84992,87441,105739,16,104849,107787,121991,12,121099,"[85393,87441)","[105739,107787)",2048,2048,"[1235,1317)","[259,275)","[239,251)"
107,inner,0.007,2,1750,1,122136,0,85495,82,84992,87543,105863,16,104951,107911,122136,12,121223,"[85495,87543)","[105863,107911)",2048,2048,"[1317,1399)","[275,291)","[251,263)"
108,inner,0.007,3,1730,1,122917,0,86041,83,86016,88089,106526,17,106521,108574,122917,13,122910,"[86041,88089)","[106526,108574)",2048,2048,"[1399,1482)","[291,308)","[263,276)"
118,ball,0.007,0,1797,2,122571,0,85799,82,84992,87847,106232,16,105255,108280,122571,12,121592,"[85799,87847)","[106232,108280)",2048,2048,"[1482,1564)","[308,324)","[276,288)"
119,ball,0.007,1,1772,2,121410,0,84987,81,83968,87035,105246,16,104443,107294,121410,12,120606,"[84987,87035)","[105246,107294)",2048,2048,"[1564,1645)","[324,340)","[288,300)"
120,ball,0.007,2,1750,2,121556,0,85089,82,84992,87137,105370,16,104545,107418,121556,12,120730,"[85089,87137)","[105370,107418)",2048,2048,"[1645,1727)","[340,356)","[300,312)"
121,ball,0.007,3,1730,2,121556,0,85089,82,84992,87137,105370,16,104545,107418,121556,12,120730,"[85089,87137)","[105370,107418)",2048,2048,"[1727,1809)","[356,372)","[312,324)"
130,outer,0.007,0,1797,3,121991,0,85393,82,84992,87441,105739,16,104849,107787,121991,12,121099,"[85393,87441)","[105739,107787)",2048,2048,"[1809,1891)","[372,388)","[324,336)"
131,outer,0.007,1,1772,3,122426,0,85698,82,84992,87746,106109,16,105154,108157,122426,12,121469,"[85698,87746)","[106109,108157)",2048,2048,"[1891,1973)","[388,404)","[336,348)"
132,outer,0.007,2,1750,3,121410,0,84987,81,83968,87035,105246,16,104443,107294,121410,12,120606,"[84987,87035)","[105246,107294)",2048,2048,"[1973,2054)","[404,420)","[348,360)"
133,outer,0.007,3,1730,3,122571,0,85799,82,84992,87847,106232,16,105255,108280,122571,12,121592,"[85799,87847)","[106232,108280)",2048,2048,"[2054,2136)","[420,436)","[360,372)"
169,inner,0.014,0,1797,1,121846,0,85292,82,84992,87340,105616,16,104748,107664,121846,12,120976,"[85292,87340)","[105616,107664)",2048,2048,"[2136,2218)","[436,452)","[372,384)"
170,inner,0.014,1,1772,1,121846,0,85292,82,84992,87340,105616,16,104748,107664,121846,12,120976,"[85292,87340)","[105616,107664)",2048,2048,"[2218,2300)","[452,468)","[384,396)"
171,inner,0.014,2,1750,1,121846,0,85292,82,84992,87340,105616,16,104748,107664,121846,12,120976,"[85292,87340)","[105616,107664)",2048,2048,"[2300,2382)","[468,484)","[396,408)"
172,inner,0.014,3,1730,1,121701,0,85190,82,84992,87238,105493,16,104646,107541,121701,12,120853,"[85190,87238)","[105493,107541)",2048,2048,"[2382,2464)","[484,500)","[408,420)"
185,ball,0.014,0,1797,2,121846,0,85292,82,84992,87340,105616,16,104748,107664,121846,12,120976,"[85292,87340)","[105616,107664)",2048,2048,"[2464,2546)","[500,516)","[420,432)"
186,ball,0.014,1,1772,2,122136,0,85495,82,84992,87543,105863,16,104951,107911,122136,12,121223,"[85495,87543)","[105863,107911)",2048,2048,"[2546,2628)","[516,532)","[432,444)"
187,ball,0.014,2,1750,2,121991,0,85393,82,84992,87441,105739,16,104849,107787,121991,12,121099,"[85393,87441)","[105739,107787)",2048,2048,"[2628,2710)","[532,548)","[444,456)"
188,ball,0.014,3,1730,2,122136,0,85495,82,84992,87543,105863,16,104951,107911,122136,12,121223,"[85495,87543)","[105863,107911)",2048,2048,"[2710,2792)","[548,564)","[456,468)"
197,outer,0.014,0,1797,3,121846,0,85292,82,84992,87340,105616,16,104748,107664,121846,12,120976,"[85292,87340)","[105616,107664)",2048,2048,"[2792,2874)","[564,580)","[468,480)"
198,outer,0.014,1,1772,3,122136,0,85495,82,84992,87543,105863,16,104951,107911,122136,12,121223,"[85495,87543)","[105863,107911)",2048,2048,"[2874,2956)","[580,596)","[480,492)"
199,outer,0.014,2,1750,3,121846,0,85292,82,84992,87340,105616,16,104748,107664,121846,12,120976,"[85292,87340)","[105616,107664)",2048,2048,"[2956,3038)","[596,612)","[492,504)"
200,outer,0.014,3,1730,3,121991,0,85393,82,84992,87441,105739,16,104849,107787,121991,12,121099,"[85393,87441)","[105739,107787)",2048,2048,"[3038,3120)","[612,628)","[504,516)"
209,inner,0.021,0,1797,1,122136,0,85495,82,84992,87543,105863,16,104951,107911,122136,12,121223,"[85495,87543)","[105863,107911)",2048,2048,"[3120,3202)","[628,644)","[516,528)"
210,inner,0.021,1,1772,1,121556,0,85089,82,84992,87137,105370,16,104545,107418,121556,12,120730,"[85089,87137)","[105370,107418)",2048,2048,"[3202,3284)","[644,660)","[528,540)"
211,inner,0.021,2,1750,1,121846,0,85292,82,84992,87340,105616,16,104748,107664,121846,12,120976,"[85292,87340)","[105616,107664)",2048,2048,"[3284,3366)","[660,676)","[540,552)"
212,inner,0.021,3,1730,1,121991,0,85393,82,84992,87441,105739,16,104849,107787,121991,12,121099,"[85393,87441)","[105739,107787)",2048,2048,"[3366,3448)","[676,692)","[552,564)"
222,ball,0.021,0,1797,2,121991,0,85393,82,84992,87441,105739,16,104849,107787,121991,12,121099,"[85393,87441)","[105739,107787)",2048,2048,"[3448,3530)","[692,708)","[564,576)"
223,ball,0.021,1,1772,2,121701,0,85190,82,84992,87238,105493,16,104646,107541,121701,12,120853,"[85190,87238)","[105493,107541)",2048,2048,"[3530,3612)","[708,724)","[576,588)"
224,ball,0.021,2,1750,2,122136,0,85495,82,84992,87543,105863,16,104951,107911,122136,12,121223,"[85495,87543)","[105863,107911)",2048,2048,"[3612,3694)","[724,740)","[588,600)"
225,ball,0.021,3,1730,2,122136,0,85495,82,84992,87543,105863,16,104951,107911,122136,12,121223,"[85495,87543)","[105863,107911)",2048,2048,"[3694,3776)","[740,756)","[600,612)"
234,outer,0.021,0,1797,3,122426,0,85698,82,84992,87746,106109,16,105154,108157,122426,12,121469,"[85698,87746)","[106109,108157)",2048,2048,"[3776,3858)","[756,772)","[612,624)"
235,outer,0.021,1,1772,3,121991,0,85393,82,84992,87441,105739,16,104849,107787,121991,12,121099,"[85393,87441)","[105739,107787)",2048,2048,"[3858,3940)","[772,788)","[624,636)"
236,outer,0.021,2,1750,3,122281,0,85596,82,84992,87644,105986,16,105052,108034,122281,12,121346,"[85596,87644)","[105986,108034)",2048,2048,"[3940,4022)","[788,804)","[636,648)"
237,outer,0.021,3,1730,3,121991,0,85393,82,84992,87441,105739,16,104849,107787,121991,12,121099,"[85393,87441)","[105739,107787)",2048,2048,"[4022,4104)","[804,820)","[648,660)"
